{
    "loss": 8.823576927185059,
    "accuracy": 0.6274510025978088
}